{
  "timestamp": "2025-05-10T07:09:52.384071",
  "saldo": 1866.18020267,
  "posicoes": {},
  "trades_hoje": {
    "BTC/USDT": 0,
    "ETH/USDT": 0,
    "DOT/USDT": 0
  }
}